id_seller,username,nama_toko,level_toko,premium_toko,id_produk,nama_produk,kategori,kondisi,rating,jumlah_rating,stok,jumlah_interest,jumlah_sold,jumlah_view,harga,harga_asli,diskon,deskripsi
522466531,ansorry77,Original kaukah,Pedagang,none,4g47mnm,Kalung kokka kaukah asli bandul bulan bintang ORIGINAL KAUKAH,Perhiasan & Aksesoris,Baru,0,0,15,0,0,0,240000,240000,0,"Original kayu kaokah/fukaha<br><br/>dijamin asli 100%<br><br/>Kinerja kalung kaukah ini akan terasa 5 sampai 10 menit setelah dipakai. Selain itu, ia juga berfungsi mengurangi ketegangan sistem syaraf dan meningkatkan kekuatan fisik, mencegah sel kanker aktif, melindungi DNA dari kerusakan, serta menyembuhkan segala macam penyakit saat digunakan dengan rutin.<br><br/><br><br/>uang kembali jika terbukti barang tdak asli/palsu"
522466531,ansorry77,Original kaukah,Pedagang,none,4g47m11,Kalung kokka kaukah asli bandul kujang ORIGINAL KAUKAH,Perhiasan & Aksesoris,Baru,0,0,10,0,0,0,235000,235000,0,"Original kayu kaokah/fukaha<br><br/>dijamin asli 100%<br><br/>Kinerja kalung kaukah ini akan terasa 5 sampai 10 menit setelah dipakai. Selain itu, ia juga berfungsi mengurangi ketegangan sistem syaraf dan meningkatkan kekuatan fisik, mencegah sel kanker aktif, melindungi DNA dari kerusakan, serta menyembuhkan segala macam penyakit saat digunakan dengan rutin.<br><br/><br><br/>uang kembali jika terbukti barang tdak asli/palsu"
522466531,ansorry77,Original kaukah,Pedagang,none,4g3rvk7,Kalung kokka kaukah asli bandul Taji ORIGINAL KAUKAH,Perhiasan & Aksesoris,Baru,0,0,20,1,0,0,225000,225000,0,"Original kayu kaokah/fukaha<br><br/>dijamin asli 100%<br><br/>Kinerja kalung kaukah ini akan terasa 5 sampai 10 menit setelah dipakai. Selain itu, ia juga berfungsi mengurangi ketegangan sistem syaraf dan meningkatkan kekuatan fisik, mencegah sel kanker aktif, melindungi DNA dari kerusakan, serta menyembuhkan segala macam penyakit saat digunakan dengan rutin.<br><br/><br><br/>uang kembali jika terbukti barang tdak asli/palsu"
522466531,ansorry77,Original kaukah,Pedagang,none,4g3lqem,Cincin lafadz tauhid stainless stell ORIGINAL,Perhiasan & Aksesoris,Baru,0,0,100,3,0,0,70000,70000,0,Cincin dengan Tulisan Laailaaha illallah Muhammadan Rasulullah<br><br/>100% Brand New and High Quality<br><br/>Bahan : Stainless Steel 316 /Titanium <br><br/>Tulisan : Laser Printing/ukiran laser<br><br/><br><br/>Size 6/16 = Keliling jari 5.0 - 5.4 cm<br><br/><br><br/>Size 7/17 = Keliling jari 5.5 - 5.7 cm<br><br/><br><br/>Size 8/18 = Keliling jari 5.8 - 6.2 cm<br><br/><br><br/>Size 9/19 = Keliling jari 6.3 - 6.7 cm
522466531,ansorry77,Original kaukah,Pedagang,none,4g3lq0a,Gelang kokka kaukah asli motif segitiga ORIGINAL KAUKAH,Perhiasan & Aksesoris,Baru,0,0,50,0,0,0,145000,145000,0,"Original kaukah/fukaha<br><br/>dijamin asli 100%<br><br/><br><br/>Produk ini Asli 100%. No tipu-tipu<br><br/>Gelang Kesehatan motif segitiga<br><br/><br><br/>Material: <br><br/>Bahan terbuat dari kayu kokka/kaukah<br><br/>Bukan abal-abal<br><br/>Tenggelam ketika dimasukkan ke air<br><br/>atau tidak mengapung<br><br/>Gelang Kesehatan<br><br/>Cocok untuk bentuk warna di semua tangan <br><br/>Murah tapi tidak murahan<br><br/><br><br/>Manfaat Gelang Kaokkah/kokka<br><br/><br><br/>Mencegah gelombang elektromagnetik.<br><br/>Meningkatkan kekebalan tubuh.<br><br/>Memperbarui jaringan sel yang mati.<br><br/>Menyembuhkan sakit kepala, sakit urat atau otot.<br><br/>Meningkatkan sistem imun tubuh<br><br/>Mencegah sel kanker aktif.<br><br/>Meningkatkan kandungan oksigen dalam darah.<br><br/><br><br/><br><br/>=Kokka asli<br><br/>#kokka #kaukah #gelangkokka #kaukahasli #tasbihkaukah #kaokah #tasbihkokka #gelangkaukah #cincinkaukah #gelang #kayukaukah #cincin #cincinkokka #tasbih #n #kaoka #kayukokka #aksesoris aksesoriskalimantan#handmade #kauka #jamtangan #kokkaasli #kaukahbanjar #kalung #gelangkaokah #khaskalimantan #kalungkalimantanassesoris #kaukahmartapura #"
522466531,ansorry77,Original kaukah,Pedagang,none,4g3lpts,Gelang kokka kaukah asli motif huruf N ORIGINAL KAUKAH,Perhiasan & Aksesoris,Baru,0,0,100,0,0,0,125000,125000,0,"Original kaukah/fukaha<br><br/>dijamin asli 100%<br><br/><br><br/>Produk ini Asli 100%. No tipu-tipu<br><br/>Gelang Kesehatan motif huruf 'N' susun<br><br/><br><br/>Material: <br><br/>Bahan terbuat dari kayu kokka/kaukah<br><br/>Bukan abal-abal<br><br/>Tenggelam ketika dimasukkan ke air<br><br/>atau tidak mengapung<br><br/>Gelang Kesehatan<br><br/>Cocok untuk bentuk warna di semua tangan <br><br/>Murah tapi tidak murahan<br><br/><br><br/>Manfaat Gelang Kaokkah/kokka<br><br/><br><br/>Mencegah gelombang elektromagnetik.<br><br/>Meningkatkan kekebalan tubuh.<br><br/>Memperbarui jaringan sel yang mati.<br><br/>Menyembuhkan sakit kepala, sakit urat atau otot.<br><br/>Meningkatkan sistem imun tubuh<br><br/>Mencegah sel kanker aktif.<br><br/>Meningkatkan kandungan oksigen dalam darah.<br><br/><br><br/><br><br/>=Kokka asli<br><br/>#kokka #kaukah #gelangkokka #kaukahasli #tasbihkaukah #kaokah #tasbihkokka #gelangkaukah #cincinkaukah #gelang #kayukaukah #cincin #cincinkokka #tasbih #n #kaoka #kayukokka #aksesoris aksesoriskalimantan#handmade #kauka #jamtangan #kokkaasli #kaukahbanjar #kalung #gelangkaokah #khaskalimantan #kalungkalimantanassesoris #kaukahmartapura #"
522466531,ansorry77,Original kaukah,Pedagang,none,4g3lppg,Gelang kokka kaukah asli motif ketupat susun ORIGINAL KAUKAH,Perhiasan & Aksesoris,Baru,0,0,100,0,0,0,135000,135000,0,"Original kaukah/fukaha<br><br/>dijamin asli 100%<br><br/><br><br/>Produk ini Asli 100%. No tipu-tipu<br><br/>Gelang Kesehatan motif Ketupat susun<br><br/><br><br/>Material: <br><br/>Bahan terbuat dari kayu kokka/kaukah<br><br/>Bukan abal-abal<br><br/>Tenggelam ketika dimasukkan ke air<br><br/>atau tidak mengapung<br><br/>Gelang Kesehatan<br><br/>Cocok untuk bentuk warna di semua tangan <br><br/>Murah tapi tidak murahan<br><br/><br><br/>Manfaat Gelang Kaokkah/kokka<br><br/><br><br/>Mencegah gelombang elektromagnetik.<br><br/>Meningkatkan kekebalan tubuh.<br><br/>Memperbarui jaringan sel yang mati.<br><br/>Menyembuhkan sakit kepala, sakit urat atau otot.<br><br/>Meningkatkan sistem imun tubuh<br><br/>Mencegah sel kanker aktif.<br><br/>Meningkatkan kandungan oksigen dalam darah.<br><br/><br><br/><br><br/>=Kokka asli<br><br/>#kokka #kaukah #gelangkokka #kaukahasli #tasbihkaukah #kaokah #tasbihkokka #gelangkaukah #cincinkaukah #gelang #kayukaukah #cincin #cincinkokka #tasbih #n #kaoka #kayukokka #aksesoris aksesoriskalimantan#handmade #kauka #jamtangan #kokkaasli #kaukahbanjar #kalung #gelangkaokah #khaskalimantan #kalungkalimantanassesoris #kaukahmartapura #"
522466531,ansorry77,Original kaukah,Pedagang,none,4g3lphd,Gelang couple kokka kaukah asli motif bulat hitam ORIGINAL KAUKAH,Perhiasan & Aksesoris,Baru,0,0,10,0,0,0,175000,175000,0,"Original kaukah/fukaha<br><br/>dijamin asli 100%<br><br/><br><br/>Produk ini Asli 100%. No tipu-tipu<br><br/>Gelang Kesehatan motif couple bulat hitam<br><br/><br><br/>Material: <br><br/>Bahan terbuat dari kayu kokka/kaukah<br><br/>Bukan abal-abal<br><br/>Tenggelam ketika dimasukkan ke air<br><br/>atau tidak mengapung<br><br/>Gelang Kesehatan<br><br/>Cocok untuk bentuk warna di semua tangan <br><br/>Murah tapi tidak murahan<br><br/><br><br/>Manfaat Gelang Kaokkah/kokka<br><br/><br><br/>Mencegah gelombang elektromagnetik.<br><br/>Meningkatkan kekebalan tubuh.<br><br/>Memperbarui jaringan sel yang mati.<br><br/>Menyembuhkan sakit kepala, sakit urat atau otot.<br><br/>Meningkatkan sistem imun tubuh<br><br/>Mencegah sel kanker aktif.<br><br/>Meningkatkan kandungan oksigen dalam darah.<br><br/><br><br/><br><br/>=Kokka asli<br><br/>#kokka #kaukah #gelangkokka #kaukahasli #tasbihkaukah #kaokah #tasbihkokka #gelangkaukah #cincinkaukah #gelang #kayukaukah #cincin #cincinkokka #tasbih #n #kaoka #kayukokka #aksesoris aksesoriskalimantan#handmade #kauka #jamtangan #kokkaasli #kaukahbanjar #kalung #gelangkaokah #khaskalimantan #kalungkalimantanassesoris #kaukahmartapura #"
522466531,ansorry77,Original kaukah,Pedagang,none,4g3lp8g,Gelang couple kokka kaukah asli motif donat hitam ORIGINAL KAUKAH,Perhiasan & Aksesoris,Baru,0,0,10,1,0,0,210000,210000,0,"Original kaukah/fukaha<br><br/>dijamin asli 100%<br><br/><br><br/>Produk ini Asli 100%. No tipu-tipu<br><br/>Gelang Kesehatan motif couple donat hitam<br><br/><br><br/>Material: <br><br/>Bahan terbuat dari kayu kokka/kaukah<br><br/>Bukan abal-abal<br><br/>Tenggelam ketika dimasukkan ke air<br><br/>atau tidak mengapung<br><br/>Gelang Kesehatan<br><br/>Cocok untuk bentuk warna di semua tangan <br><br/>Murah tapi tidak murahan<br><br/><br><br/>Manfaat Gelang Kaokkah/kokka<br><br/><br><br/>Mencegah gelombang elektromagnetik.<br><br/>Meningkatkan kekebalan tubuh.<br><br/>Memperbarui jaringan sel yang mati.<br><br/>Menyembuhkan sakit kepala, sakit urat atau otot.<br><br/>Meningkatkan sistem imun tubuh<br><br/>Mencegah sel kanker aktif.<br><br/>Meningkatkan kandungan oksigen dalam darah.<br><br/><br><br/><br><br/>=Kokka asli<br><br/>#kokka #kaukah #gelangkokka #kaukahasli #tasbihkaukah #kaokah #tasbihkokka #gelangkaukah #cincinkaukah #gelang #kayukaukah #cincin #cincinkokka #tasbih #n #kaoka #kayukokka #aksesoris aksesoriskalimantan#handmade #kauka #jamtangan #kokkaasli #kaukahbanjar #kalung #gelangkaokah #khaskalimantan #kalungkalimantanassesoris #kaukahmartapura #"
522466531,ansorry77,Original kaukah,Pedagang,none,4g3lowp,Gelang couple kokka kaukah asli motif kombinasi ORIGINAL KAUKAH,Perhiasan & Aksesoris,Baru,0,0,10,0,0,0,175000,175000,0,"Original kaukah/fukaha<br><br/>dijamin asli 100%<br><br/><br><br/>Produk ini Asli 100%. No tipu-tipu<br><br/>Gelang Kesehatan motif couple kombinasi<br><br/><br><br/>Material: <br><br/>Bahan terbuat dari kayu kokka/kaukah<br><br/>Bukan abal-abal<br><br/>Tenggelam ketika dimasukkan ke air<br><br/>atau tidak mengapung<br><br/>Gelang Kesehatan<br><br/>Cocok untuk bentuk warna di semua tangan <br><br/>Murah tapi tidak murahan<br><br/><br><br/>Manfaat Gelang Kaokkah/kokka<br><br/><br><br/>Mencegah gelombang elektromagnetik.<br><br/>Meningkatkan kekebalan tubuh.<br><br/>Memperbarui jaringan sel yang mati.<br><br/>Menyembuhkan sakit kepala, sakit urat atau otot.<br><br/>Meningkatkan sistem imun tubuh<br><br/>Mencegah sel kanker aktif.<br><br/>Meningkatkan kandungan oksigen dalam darah.<br><br/><br><br/><br><br/>=Kokka asli<br><br/>#kokka #kaukah #gelangkokka #kaukahasli #tasbihkaukah #kaokah #tasbihkokka #gelangkaukah #cincinkaukah #gelang #kayukaukah #cincin #cincinkokka #tasbih #n #kaoka #kayukokka #aksesoris aksesoriskalimantan#handmade #kauka #jamtangan #kokkaasli #kaukahbanjar #kalung #gelangkaokah #khaskalimantan #kalungkalimantanassesoris #kaukahmartapura #"
522466531,ansorry77,Original kaukah,Pedagang,none,4g3lomd,Gelang couple kokka kaukah asli motif Blimbing hitam ORIGINAL KAUKAH,Perhiasan & Aksesoris,Baru,0,0,100,0,0,0,198000,198000,0,"Original kaukah/fukaha<br><br/>dijamin asli 100%<br><br/><br><br/>Produk ini Asli 100%. No tipu-tipu<br><br/>Gelang Kesehatan motif couple blimbing hitam<br><br/><br><br/>Material: <br><br/>Bahan terbuat dari kayu kokka/kaukah<br><br/>Bukan abal-abal<br><br/>Tenggelam ketika dimasukkan ke air<br><br/>atau tidak mengapung<br><br/>Gelang Kesehatan<br><br/>Cocok untuk bentuk warna di semua tangan <br><br/>Murah tapi tidak murahan<br><br/><br><br/>Manfaat Gelang Kaokkah/kokka<br><br/><br><br/>Mencegah gelombang elektromagnetik.<br><br/>Meningkatkan kekebalan tubuh.<br><br/>Memperbarui jaringan sel yang mati.<br><br/>Menyembuhkan sakit kepala, sakit urat atau otot.<br><br/>Meningkatkan sistem imun tubuh<br><br/>Mencegah sel kanker aktif.<br><br/>Meningkatkan kandungan oksigen dalam darah.<br><br/><br><br/><br><br/>=Kokka asli<br><br/>#kokka #kaukah #gelangkokka #kaukahasli #tasbihkaukah #kaokah #tasbihkokka #gelangkaukah #cincinkaukah #gelang #kayukaukah #cincin #cincinkokka #tasbih #n #kaoka #kayukokka #aksesoris aksesoriskalimantan#handmade #kauka #jamtangan #kokkaasli #kaukahbanjar #kalung #gelangkaokah #khaskalimantan #kalungkalimantanassesoris #kaukahmartapura #"
522466531,ansorry77,Original kaukah,Pedagang,none,4g22idg,Gelang kokka kaukah asli motif piramid ORIGINAL KAUKAH,Perhiasan & Aksesoris,Baru,0,0,100,2,0,0,127000,127000,0,"Original kaukah/fukaha<br><br/>dijamin asli 100%<br><br/><br><br/>Produk ini Asli 100%. No tipu-tipu<br><br/>Gelang Kesehatan motif piramid lurus<br><br/><br><br/>Material: <br><br/>Bahan terbuat dari kayu kokka/kaukah<br><br/>Bukan abal-abal<br><br/>Tenggelam ketika dimasukkan ke air<br><br/>atau tidak mengapung<br><br/>Gelang Kesehatan<br><br/>Cocok untuk bentuk warna di semua tangan <br><br/>Murah tapi tidak murahan<br><br/><br><br/>Manfaat Gelang Kaokkah/kokka<br><br/><br><br/>Mencegah gelombang elektromagnetik.<br><br/>Meningkatkan kekebalan tubuh.<br><br/>Memperbarui jaringan sel yang mati.<br><br/>Menyembuhkan sakit kepala, sakit urat atau otot.<br><br/>Meningkatkan sistem imun tubuh<br><br/>Mencegah sel kanker aktif.<br><br/>Meningkatkan kandungan oksigen dalam darah.<br><br/><br><br/><br><br/>=Kokka asli<br><br/>#kokka #kaukah #gelangkokelabgkoka #kaukahasli #tasbihkaukah #kaokah #tasbihkokka #gelangkaukah #cincinkaukah #gelang #kayukaukah #cincin #cincinkokka #tasbih #n #kaoka #kayukokka #aksesoris aksesoriskalimantan#handmade #kauka #jamtangan #kokkaasli #kaukahbanjar #kalung #gelangkaokah #khaskalimantan #kalungkalimantanassesoris #kaukahmartapura #"
522466531,ansorry77,Original kaukah,Pedagang,none,4g22h21,Gelang kokka kaukah asli motif mardjan skat 1 hitam ORIGINAL KAUKAH,Perhiasan & Aksesoris,Baru,0,0,100,1,0,0,125000,125000,0,"Original kaukah/fukaha<br><br/>dijamin asli 100%<br><br/><br><br/>Produk ini Asli 100%. No tipu-tipu<br><br/>Gelang Kesehatan motif Mardjan skat 1 hitam<br><br/><br><br/>Material: <br><br/>Bahan terbuat dari kayu kokka/kaukah<br><br/>Bukan abal-abal<br><br/>Tenggelam ketika dimasukkan ke air<br><br/>atau tidak mengapung<br><br/>Gelang Kesehatan<br><br/>Cocok untuk bentuk warna di semua tangan <br><br/>Murah tapi tidak murahan<br><br/><br><br/>Manfaat Gelang Kaokkah/kokka<br><br/><br><br/>Mencegah gelombang elektromagnetik.<br><br/>Meningkatkan kekebalan tubuh.<br><br/>Memperbarui jaringan sel yang mati.<br><br/>Menyembuhkan sakit kepala, sakit urat atau otot.<br><br/>Meningkatkan sistem imun tubuh<br><br/>Mencegah sel kanker aktif.<br><br/>Meningkatkan kandungan oksigen dalam darah.<br><br/><br><br/><br><br/>=Kokka asli<br><br/>#kokka #kaukah #gelangkokelabgkoka #kaukahasli #tasbihkaukah #kaokah #tasbihkokka #gelangkaukah #cincinkaukah #gelang #kayukaukah #cincin #cincinkokka #tasbih #n #kaoka #kayukokka #aksesoris aksesoriskalimantan#handmade #kauka #jamtangan #kokkaasli #kaukahbanjar #kalung #gelangkaokah #khaskalimantan #kalungkalimantanassesoris #kaukahmartapura #"
522466531,ansorry77,Original kaukah,Pedagang,none,4g22gn4,Gelang kokka kaukah asli motif mardjan skat 1 ORIGINAL KAUKAH,Perhiasan & Aksesoris,Baru,0,0,100,0,0,0,125000,125000,0,"Original kaukah/fukaha<br><br/>dijamin asli 100%<br><br/><br><br/>Produk ini Asli 100%. No tipu-tipu<br><br/>Gelang Kesehatan motif Mardjan skat 1<br><br/><br><br/>Material: <br><br/>Bahan terbuat dari kayu kokka/kaukah<br><br/>Bukan abal-abal<br><br/>Tenggelam ketika dimasukkan ke air<br><br/>atau tidak mengapung<br><br/>Gelang Kesehatan<br><br/>Cocok untuk bentuk warna di semua tangan <br><br/>Murah tapi tidak murahan<br><br/><br><br/>Manfaat Gelang Kaokkah/kokka<br><br/><br><br/>Mencegah gelombang elektromagnetik.<br><br/>Meningkatkan kekebalan tubuh.<br><br/>Memperbarui jaringan sel yang mati.<br><br/>Menyembuhkan sakit kepala, sakit urat atau otot.<br><br/>Meningkatkan sistem imun tubuh<br><br/>Mencegah sel kanker aktif.<br><br/>Meningkatkan kandungan oksigen dalam darah.<br><br/><br><br/><br><br/>=Kokka asli<br><br/>#kokka #kaukah #gelangkokelabgkoka #kaukahasli #tasbihkaukah #kaokah #tasbihkokka #gelangkaukah #cincinkaukah #gelang #kayukaukah #cincin #cincinkokka #tasbih #n #kaoka #kayukokka #aksesoris aksesoriskalimantan#handmade #kauka #jamtangan #kokkaasli #kaukahbanjar #kalung #gelangkaokah #khaskalimantan #kalungkalimantanassesoris #kaukahmartapura #"
522466531,ansorry77,Original kaukah,Pedagang,none,4g22g7j,Gelang kokka kaukah asli motif merica hitam isi 33 ORIGINAL,Perhiasan & Aksesoris,Baru,0,0,100,0,0,0,70000,70000,0,"Original kaukah/fukaha<br><br/>dijamin asli 100%<br><br/><br><br/>Produk ini Asli 100%. No tipu-tipu<br><br/>Gelang Kesehatan motif merica hitam isi 33<br><br/><br><br/>Material: <br><br/>Bahan terbuat dari kayu kokka/kaukah<br><br/>Bukan abal-abal<br><br/>Tenggelam ketika dimasukkan ke air<br><br/>atau tidak mengapung<br><br/>Gelang Kesehatan<br><br/>Cocok untuk bentuk warna di semua tangan <br><br/>Murah tapi tidak murahan<br><br/><br><br/>Manfaat Gelang Kaokkah/kokka<br><br/><br><br/>Mencegah gelombang elektromagnetik.<br><br/>Meningkatkan kekebalan tubuh.<br><br/>Memperbarui jaringan sel yang mati.<br><br/>Menyembuhkan sakit kepala, sakit urat atau otot.<br><br/>Meningkatkan sistem imun tubuh<br><br/>Mencegah sel kanker aktif.<br><br/>Meningkatkan kandungan oksigen dalam darah.<br><br/><br><br/><br><br/>=Kokka asli<br><br/>#kokka #kaukah #gelangkokelabgkoka #kaukahasli #tasbihkaukah #kaokah #tasbihkokka #gelangkaukah #cincinkaukah #gelang #kayukaukah #cincin #cincinkokka #tasbih #n #kaoka #kayukokka #aksesoris aksesoriskalimantan#handmade #kauka #jamtangan #kokkaasli #kaukahbanjar #kalung #gelangkaokah #khaskalimantan #kalungkalimantanassesoris #kaukahmartapura #"
522466531,ansorry77,Original kaukah,Pedagang,none,4g22exy,Gelang couple kokka kaukah asli motif Blimbing ORIGINAL KAUKAH,Perhiasan & Aksesoris,Baru,0,0,100,1,0,0,198000,198000,0,"Original kaukah/fukaha<br><br/>dijamin asli 100%<br><br/><br><br/>Produk ini Asli 100%. No tipu-tipu<br><br/>Gelang Kesehatan motif couple blimbing<br><br/><br><br/>Material: <br><br/>Bahan terbuat dari kayu kokka/kaukah<br><br/>Bukan abal-abal<br><br/>Tenggelam ketika dimasukkan ke air<br><br/>atau tidak mengapung<br><br/>Gelang Kesehatan<br><br/>Cocok untuk bentuk warna di semua tangan <br><br/>Murah tapi tidak murahan<br><br/><br><br/>Manfaat Gelang Kaokkah/kokka<br><br/><br><br/>Mencegah gelombang elektromagnetik.<br><br/>Meningkatkan kekebalan tubuh.<br><br/>Memperbarui jaringan sel yang mati.<br><br/>Menyembuhkan sakit kepala, sakit urat atau otot.<br><br/>Meningkatkan sistem imun tubuh<br><br/>Mencegah sel kanker aktif.<br><br/>Meningkatkan kandungan oksigen dalam darah.<br><br/><br><br/><br><br/>=Kokka asli<br><br/>#kokka #kaukah #gelangkokelabgkoka #kaukahasli #tasbihkaukah #kaokah #tasbihkokka #gelangkaukah #cincinkaukah #gelang #kayukaukah #cincin #cincinkokka #tasbih #n #kaoka #kayukokka #aksesoris aksesoriskalimantan#handmade #kauka #jamtangan #kokkaasli #kaukahbanjar #kalung #gelangkaokah #khaskalimantan #kalungkalimantanassesoris #kaukahmartapura #"
522466531,ansorry77,Original kaukah,Pedagang,none,4g22eam,Gelang couple kokka kaukah asli motif mardjan hitam ORIGINAL KAUKAH,Perhiasan & Aksesoris,Baru,5,2,98,1,2,0,175000,175000,0,"Original kaukah/fukaha<br><br/>dijamin asli 100%<br><br/><br><br/>Produk ini Asli 100%. No tipu-tipu<br><br/>Gelang Kesehatan motif couple mardjan hitam<br><br/><br><br/>Material: <br><br/>Bahan terbuat dari kayu kokka/kaukah<br><br/>Bukan abal-abal<br><br/>Tenggelam ketika dimasukkan ke air<br><br/>atau tidak mengapung<br><br/>Gelang Kesehatan<br><br/>Cocok untuk bentuk warna di semua tangan <br><br/>Murah tapi tidak murahan<br><br/><br><br/>Manfaat Gelang Kaokkah/kokka<br><br/><br><br/>Mencegah gelombang elektromagnetik.<br><br/>Meningkatkan kekebalan tubuh.<br><br/>Memperbarui jaringan sel yang mati.<br><br/>Menyembuhkan sakit kepala, sakit urat atau otot.<br><br/>Meningkatkan sistem imun tubuh<br><br/>Mencegah sel kanker aktif.<br><br/>Meningkatkan kandungan oksigen dalam darah.<br><br/><br><br/><br><br/>=Kokka asli<br><br/>#kokka #kaukah #gelangkokelabgkoka #kaukahasli #tasbihkaukah #kaokah #tasbihkokka #gelangkaukah #cincinkaukah #gelang #kayukaukah #cincin #cincinkokka #tasbih #n #kaoka #kayukokka #aksesoris aksesoriskalimantan#handmade #kauka #jamtangan #kokkaasli #kaukahbanjar #kalung #gelangkaokah #khaskalimantan #kalungkalimantanassesoris #kaukahmartapura #"
522466531,ansorry77,Original kaukah,Pedagang,none,4g1ee1m,Gelang kesehatan kokka kaukah asli motif rajut hitam coklat ORIGINAL KAUKAH,Perhiasan & Aksesoris,Baru,0,0,50,0,0,0,115000,115000,0,"Original kaukah/fukaha<br><br/>dijamin asli 100%<br><br/><br><br/>Produk ini Asli 100%. No tipu-tipu<br><br/>Gelang Kesehatan motif rajut hitam coklat<br><br/><br><br/>Material: <br><br/>Bahan terbuat dari kayu kokka/kaukah<br><br/>Bukan abal-abal<br><br/>Tenggelam ketika dimasukkan ke air<br><br/>atau tidak mengapung<br><br/>Gelang Kesehatan<br><br/>Cocok untuk bentuk warna di semua tangan <br><br/>Murah tapi tidak murahan<br><br/><br><br/>Manfaat Gelang Kaokkah/kokka<br><br/><br><br/>Mencegah gelombang elektromagnetik.<br><br/>Meningkatkan kekebalan tubuh.<br><br/>Memperbarui jaringan sel yang mati.<br><br/>Menyembuhkan sakit kepala, sakit urat atau otot.<br><br/>Meningkatkan sistem imun tubuh<br><br/>Mencegah sel kanker aktif.<br><br/>Meningkatkan kandungan oksigen dalam darah.<br><br/><br><br/><br><br/>=Kokka asli<br><br/>#kokka #kaukah #gelangkokka #kaukahasli #tasbihkaukah #kaokah #tasbihkokka #gelangkaukah #cincinkaukah #gelang #kayukaukah #cincin #cincinkokka #tasbih #n #kaoka #kayukokka #aksesoris aksesoriskalimantan#handmade #kauka #jamtangan #kokkaasli #kaukahbanjar #kalung #gelangkaokah #khaskalimantan #kalungkalimantanassesoris #kaukahmartapura #"
522466531,ansorry77,Original kaukah,Pedagang,none,4g1edca,Gelang kesehatan kokka kaukah asli motif rajut coklat hitam ORIGINAL KAUKAH,Perhiasan & Aksesoris,Baru,0,0,50,0,0,0,115000,115000,0,"Original kaukah/fukaha<br><br/>dijamin asli 100%<br><br/><br><br/>Produk ini Asli 100%. No tipu-tipu<br><br/>Gelang Kesehatan motif rajut coklat hitam<br><br/><br><br/>Material: <br><br/>Bahan terbuat dari kayu kokka/kaukah<br><br/>Bukan abal-abal<br><br/>Tenggelam ketika dimasukkan ke air<br><br/>atau tidak mengapung<br><br/>Gelang Kesehatan<br><br/>Cocok untuk bentuk warna di semua tangan <br><br/>Murah tapi tidak murahan<br><br/><br><br/>Manfaat Gelang Kaokkah/kokka<br><br/><br><br/>Mencegah gelombang elektromagnetik.<br><br/>Meningkatkan kekebalan tubuh.<br><br/>Memperbarui jaringan sel yang mati.<br><br/>Menyembuhkan sakit kepala, sakit urat atau otot.<br><br/>Meningkatkan sistem imun tubuh<br><br/>Mencegah sel kanker aktif.<br><br/>Meningkatkan kandungan oksigen dalam darah.<br><br/><br><br/><br><br/>=Kokka asli<br><br/>#kokka #kaukah #gelangkokka #kaukahasli #tasbihkaukah #kaokah #tasbihkokka #gelangkaukah #cincinkaukah #gelang #kayukaukah #cincin #cincinkokka #tasbih #n #kaoka #kayukokka #aksesoris aksesoriskalimantan#handmade #kauka #jamtangan #kokkaasli #kaukahbanjar #kalung #gelangkaokah #khaskalimantan #kalungkalimantanassesoris #kaukahmartapura #"
522466531,ansorry77,Original kaukah,Pedagang,none,4g1ec7j,Gelang kesehatan kokka kaukah asli motif mardjan jumbo hitam ORIGINAL KAUKAH,Perhiasan & Aksesoris,Baru,0,0,30,2,0,0,135000,135000,0,"Original kaukah/fukaha<br><br/>dijamin asli 100%<br><br/><br><br/>Produk ini Asli 100%. No tipu-tipu<br><br/>Gelang Kesehatan motif Mardjan jumbo hitam<br><br/><br><br/>Material: <br><br/>Bahan terbuat dari kayu kokka/kaukah<br><br/>Bukan abal-abal<br><br/>Tenggelam ketika dimasukkan ke air<br><br/>atau tidak mengapung<br><br/>Gelang Kesehatan<br><br/>Cocok untuk bentuk warna di semua tangan <br><br/>Murah tapi tidak murahan<br><br/><br><br/>Manfaat Gelang Kaokkah/kokka<br><br/><br><br/>Mencegah gelombang elektromagnetik.<br><br/>Meningkatkan kekebalan tubuh.<br><br/>Memperbarui jaringan sel yang mati.<br><br/>Menyembuhkan sakit kepala, sakit urat atau otot.<br><br/>Meningkatkan sistem imun tubuh<br><br/>Mencegah sel kanker aktif.<br><br/>Meningkatkan kandungan oksigen dalam darah.<br><br/><br><br/><br><br/>=Kokka asli<br><br/>#kokka #kaukah #gelangkokka #kaukahasli #tasbihkaukah #kaokah #tasbihkokka #gelangkaukah #cincinkaukah #gelang #kayukaukah #cincin #cincinkokka #tasbih #n #kaoka #kayukokka #aksesoris aksesoriskalimantan#handmade #kauka #jamtangan #kokkaasli #kaukahbanjar #kalung #gelangkaokah #khaskalimantan #kalungkalimantanassesoris #kaukahmartapura #"
522466531,ansorry77,Original kaukah,Pedagang,none,4g1ebe4,Gelang kesehatan kokka kaukah asli motif kombinasi ORIGINAL KAUKAH,Perhiasan & Aksesoris,Baru,0,0,30,0,0,0,75000,75000,0,"Original kaukah/fukaha<br><br/>dijamin asli 100%<br><br/><br><br/>Produk ini Asli 100%. No tipu-tipu<br><br/>Gelang Kesehatan motif Kombinasi<br><br/><br><br/>Material: <br><br/>Bahan terbuat dari kayu kokka/kaukah<br><br/>Bukan abal-abal<br><br/>Tenggelam ketika dimasukkan ke air<br><br/>atau tidak mengapung<br><br/>Gelang Kesehatan<br><br/>Cocok untuk bentuk warna di semua tangan <br><br/>Murah tapi tidak murahan<br><br/><br><br/>Manfaat Gelang Kaokkah/kokka<br><br/><br><br/>Mencegah gelombang elektromagnetik.<br><br/>Meningkatkan kekebalan tubuh.<br><br/>Memperbarui jaringan sel yang mati.<br><br/>Menyembuhkan sakit kepala, sakit urat atau otot.<br><br/>Meningkatkan sistem imun tubuh<br><br/>Mencegah sel kanker aktif.<br><br/>Meningkatkan kandungan oksigen dalam darah.<br><br/><br><br/><br><br/>=Kokka asli<br><br/>#kokka #kaukah #gelangkokka #kaukahasli #tasbihkaukah #kaokah #tasbihkokka #gelangkaukah #cincinkaukah #gelang #kayukaukah #cincin #cincinkokka #tasbih #n #kaoka #kayukokka #aksesoris aksesoriskalimantan#handmade #kauka #jamtangan #kokkaasli #kaukahbanjar #kalung #gelangkaokah #khaskalimantan #kalungkalimantanassesoris #kaukahmartapura #"
522466531,ansorry77,Original kaukah,Pedagang,none,4g1eafs,Gelang kesehatan kokka kaukah asli motif blimbing hitam ORIGINAL KAUKAH,Perhiasan & Aksesoris,Baru,0,0,50,0,0,0,87000,87000,0,"Original kaukah/fukaha<br><br/>dijamin asli 100%<br><br/><br><br/>Produk ini Asli 100%. No tipu-tipu<br><br/>Gelang Kesehatan motif blimbing hitam<br><br/><br><br/>Material: <br><br/>Bahan terbuat dari kayu kokka/kaukah<br><br/>Bukan abal-abal<br><br/>Tenggelam ketika dimasukkan ke air<br><br/>atau tidak mengapung<br><br/>Gelang Kesehatan<br><br/>Cocok untuk bentuk warna di semua tangan <br><br/>Murah tapi tidak murahan<br><br/><br><br/>Manfaat Gelang Kaokkah/kokka<br><br/><br><br/>Mencegah gelombang elektromagnetik.<br><br/>Meningkatkan kekebalan tubuh.<br><br/>Memperbarui jaringan sel yang mati.<br><br/>Menyembuhkan sakit kepala, sakit urat atau otot.<br><br/>Meningkatkan sistem imun tubuh<br><br/>Mencegah sel kanker aktif.<br><br/>Meningkatkan kandungan oksigen dalam darah.<br><br/><br><br/><br><br/>=Kokka asli<br><br/>#kokka #kaukah #gelangkokelabgkoka #kaukahasli #tasbihkaukah #kaokah #tasbihkokka #gelangkaukah #cincinkaukah #gelang #kayukaukah #cincin #cincinkokka #tasbih #n #kaoka #kayukokka #aksesoris aksesoriskalimantan#handmade #kauka #jamtangan #kokkaasli #kaukahbanjar #kalung #gelangkaokah #khaskalimantan #kalungkalimantanassesoris #kaukahmartapura #"
522466531,ansorry77,Original kaukah,Pedagang,none,4g1e9c1,Gelang kesehatan kokka kaukah motif wajik hitam 8ml ORIGINAL KAUKAH,Perhiasan & Aksesoris,Baru,0,0,50,0,0,0,125000,125000,0,"Original kaukah/fukaha<br><br/>dijamin asli 100%<br><br/><br><br/>Produk ini Asli 100%. No tipu-tipu<br><br/>Gelang Kesehatan motif wajik hitam 8ml<br><br/><br><br/>Material: <br><br/>Bahan terbuat dari kayu kokka/kaukah<br><br/>Bukan abal-abal<br><br/>Tenggelam ketika dimasukkan ke air<br><br/>atau tidak mengapung<br><br/>Gelang Kesehatan<br><br/>Cocok untuk bentuk warna di semua tangan <br><br/>Murah tapi tidak murahan<br><br/><br><br/>Manfaat Gelang Kaokkah/kokka<br><br/><br><br/>Mencegah gelombang elektromagnetik.<br><br/>Meningkatkan kekebalan tubuh.<br><br/>Memperbarui jaringan sel yang mati.<br><br/>Menyembuhkan sakit kepala, sakit urat atau otot.<br><br/>Meningkatkan sistem imun tubuh<br><br/>Mencegah sel kanker aktif.<br><br/>Meningkatkan kandungan oksigen dalam darah.<br><br/><br><br/><br><br/>=Kokka asli<br><br/>#kokka #kaukah #gelangkokelabgkoka #kaukahasli #tasbihkaukah #kaokah #tasbihkokka #gelangkaukah #cincinkaukah #gelang #kayukaukah #cincin #cincinkokka #tasbih #n #kaoka #kayukokka #aksesoris aksesoriskalimantan#handmade #kauka #jamtangan #kokkaasli #kaukahbanjar #kalung #gelangkaokah #khaskalimantan #kalungkalimantanassesoris #kaukahmartapura #"
522466531,ansorry77,Original kaukah,Pedagang,none,4g1e8dj,Gelang kesehatan kokka kaukah asli motif wajik 8ml ORIGINAL KAUKAH,Perhiasan & Aksesoris,Baru,5,2,48,1,2,0,125000,125000,0,"Original kaukah/fukaha<br><br/>dijamin asli 100%<br><br/><br><br/>Produk ini Asli 100%. No tipu-tipu<br><br/>Gelang Kesehatan motif wajik 8ml<br><br/><br><br/>Material: <br><br/>Bahan terbuat dari kayu kokka/kaukah<br><br/>Bukan abal-abal<br><br/>Tenggelam ketika dimasukkan ke air<br><br/>atau tidak mengapung<br><br/>Gelang Kesehatan<br><br/>Cocok untuk bentuk warna di semua tangan <br><br/>Murah tapi tidak murahan<br><br/><br><br/>Manfaat Gelang Kaokkah/kokka<br><br/><br><br/>Mencegah gelombang elektromagnetik.<br><br/>Meningkatkan kekebalan tubuh.<br><br/>Memperbarui jaringan sel yang mati.<br><br/>Menyembuhkan sakit kepala, sakit urat atau otot.<br><br/>Meningkatkan sistem imun tubuh<br><br/>Mencegah sel kanker aktif.<br><br/>Meningkatkan kandungan oksigen dalam darah.<br><br/><br><br/><br><br/>=Kokka asli<br><br/>#kokka #kaukah #gelangkokelabgkoka #kaukahasli #tasbihkaukah #kaokah #tasbihkokka #gelangkaukah #cincinkaukah #gelang #kayukaukah #cincin #cincinkokka #tasbih #n #kaoka #kayukokka #aksesoris aksesoriskalimantan#handmade #kauka #jamtangan #kokkaasli #kaukahbanjar #kalung #gelangkaokah #khaskalimantan #kalungkalimantanassesoris #kaukahmartapura #"
522466531,ansorry77,Original kaukah,Pedagang,none,4g1dwxa,Gelang kesehatan kokka kaukah asli motif dadu hitam 7ml ORIGINAL KAUKAH,Perhiasan & Aksesoris,Baru,0,0,100,0,0,0,110000,110000,0,"Original kaukah/fukaha<br><br/>dijamin asli 100%<br><br/><br><br/>Produk ini Asli 100%. No tipu-tipu<br><br/>Gelang Kesehatan motif dadu hitam 7ml<br><br/><br><br/>Material: <br><br/>Bahan terbuat dari kayu kokka/kaukah<br><br/>Bukan abal-abal<br><br/>Tenggelam ketika dimasukkan ke air<br><br/>atau tidak mengapung<br><br/>Gelang Kesehatan<br><br/>Cocok untuk bentuk warna di semua tangan <br><br/>Murah tapi tidak murahan<br><br/><br><br/>Manfaat Gelang Kaokkah/kokka<br><br/><br><br/>Mencegah gelombang elektromagnetik.<br><br/>Meningkatkan kekebalan tubuh.<br><br/>Memperbarui jaringan sel yang mati.<br><br/>Menyembuhkan sakit kepala, sakit urat atau otot.<br><br/>Meningkatkan sistem imun tubuh<br><br/>Mencegah sel kanker aktif.<br><br/>Meningkatkan kandungan oksigen dalam darah.<br><br/><br><br/><br><br/>=Kokka asli<br><br/>#kokka #kaukah #gelangkokelabgkoka #kaukahasli #tasbihkaukah #kaokah #tasbihkokka #gelangkaukah #cincinkaukah #gelang #kayukaukah #cincin #cincinkokka #tasbih #n #kaoka #kayukokka #aksesoris aksesoriskalimantan#handmade #kauka #jamtangan #kokkaasli #kaukahbanjar #kalung #gelangkaokah #khaskalimantan #kalungkalimantanassesoris #kaukahmartapura #"
522466531,ansorry77,Original kaukah,Pedagang,none,4g1dvy7,Gelang kesehatan kokka kaukah asli motif dadu hitam isi 33 ORIGINAL KAUKAH,Perhiasan & Aksesoris,Baru,0,0,100,2,0,0,75000,75000,0,"Original kaukah/fukaha<br><br/>dijamin asli 100%<br><br/><br><br/>Produk ini Asli 100%. No tipu-tipu<br><br/>Gelang Kesehatan motif dadu hitam isi 33 butir<br><br/><br><br/>Material: <br><br/>Bahan terbuat dari kayu kokka/kaukah<br><br/>Bukan abal-abal<br><br/>Tenggelam ketika dimasukkan ke air<br><br/>atau tidak mengapung<br><br/>Gelang Kesehatan<br><br/>Cocok untuk bentuk warna di semua tangan <br><br/>Murah tapi tidak murahan<br><br/><br><br/>Manfaat Gelang Kaokkah/kokka<br><br/><br><br/>Mencegah gelombang elektromagnetik.<br><br/>Meningkatkan kekebalan tubuh.<br><br/>Memperbarui jaringan sel yang mati.<br><br/>Menyembuhkan sakit kepala, sakit urat atau otot.<br><br/>Meningkatkan sistem imun tubuh<br><br/>Mencegah sel kanker aktif.<br><br/>Meningkatkan kandungan oksigen dalam darah.<br><br/><br><br/><br><br/>=Kokka asli<br><br/>#kokka #kaukah #gelangkokelabgkoka #kaukahasli #tasbihkaukah #kaokah #tasbihkokka #gelangkaukah #cincinkaukah #gelang #kayukaukah #cincin #cincinkokka #tasbih #n #kaoka #kayukokka #aksesoris aksesoriskalimantan#handmade #kauka #jamtangan #kokkaasli #kaukahbanjar #kalung #gelangkaokah #khaskalimantan #kalungkalimantanassesoris #kaukahmartapura #"
522466531,ansorry77,Original kaukah,Pedagang,none,4g1dtzm,Gelang kesehatan kokka kaukah asli motif mardjan hitam isi 33 ORIGINAL KAUKAH,Perhiasan & Aksesoris,Baru,5,6,93,4,7,0,75000,75000,0,"Original kaukah/fukaha<br><br/>dijamin asli 100%<br><br/><br><br/>Produk ini Asli 100%. No tipu-tipu<br><br/>Gelang Kesehatan motif MARDJAN HITAM<br><br/>Material: <br><br/>Bahan terbuat dari kayu kokka/kaukah<br><br/>Bukan abal-abal<br><br/>Tenggelam ketika dimasukkan ke air<br><br/>atau tidak mengapung<br><br/>Gelang Kesehatan<br><br/>Cocok untuk bentuk warna di semua tangan <br><br/>Murah tapi tidak murahan<br><br/><br><br/>Manfaat Gelang Kaokkah/kokka<br><br/><br><br/>Mencegah gelombang elektromagnetik.<br><br/>Meningkatkan kekebalan tubuh.<br><br/>Memperbarui jaringan sel yang mati.<br><br/>Menyembuhkan sakit kepala, sakit urat atau otot.<br><br/>Meningkatkan sistem imun tubuh<br><br/>Mencegah sel kanker aktif.<br><br/>Meningkatkan kandungan oksigen dalam darah.<br><br/><br><br/><br><br/>=Kokka asli<br><br/>#kokka #kaukah #gelangkokelabgkoka #kaukahasli #tasbihkaukah #kaokah #tasbihkokka #gelangkaukah #cincinkaukah #gelang #kayukaukah #cincin #cincinkokka #tasbih #n #kaoka #kayukokka #aksesoris aksesoriskalimantan#handmade #kauka #jamtangan #kokkaasli #kaukahbanjar #kalung #gelangkaokah #khaskalimantan #kalungkalimantanassesoris #kaukahmartapura #"
522466531,ansorry77,Original kaukah,Pedagang,none,4fzru47,Gelang couple kaukah kokka asli motif daun ORIGINAL KAUKAH,Perhiasan & Aksesoris,Baru,0,0,10,3,0,0,245000,245000,0,"Original kaukah/fukaha<br><br/>dijamin asli 100%<br><br/><br><br/>Produk ini Asli 100%. No tipu-tipu<br><br/>Gelang Kesehatan motif couple daun sepasang<br><br/><br><br/>Material: <br><br/>Bahan terbuat dari kayu kokka/kaukah<br><br/>Bukan abal-abal<br><br/>Tenggelam ketika dimasukkan ke air<br><br/>atau tidak mengapung<br><br/>Gelang Kesehatan<br><br/>Cocok untuk bentuk warna di semua tangan <br><br/>Murah tapi tidak murahan<br><br/><br><br/>Manfaat Gelang Kaokkah/kokka<br><br/><br><br/>Mencegah gelombang elektromagnetik.<br><br/>Meningkatkan kekebalan tubuh.<br><br/>Memperbarui jaringan sel yang mati.<br><br/>Menyembuhkan sakit kepala, sakit urat atau otot.<br><br/>Meningkatkan sistem imun tubuh<br><br/>Mencegah sel kanker aktif.<br><br/>Meningkatkan kandungan oksigen dalam darah.<br><br/><br><br/><br><br/>=Kokka asli<br><br/>#kokka #kaukah #gelangkokelabgkoka #kaukahasli #tasbihkaukah #kaokah #tasbihkokka #gelangkaukah #cincinkaukah #gelang #kayukaukah #cincin #cincinkokka #tasbih #n #kaoka #kayukokka #aksesoris aksesoriskalimantan#handmade #kauka #jamtangan #kokkaasli #kaukahbanjar #kalung #gelangkaokah #khaskalimantan #kalungkalimantanassesoris #kaukahmartapura #"
522466531,ansorry77,Original kaukah,Pedagang,none,4fzrtwp,Gelang kaukah kokka asli motif bulat kepala isi 33 ORIGINAL KAUKAH,Perhiasan & Aksesoris,Baru,0,0,100,0,0,0,75000,75000,0,"Original kaukah/fukaha<br><br/>dijamin asli 100%<br><br/><br><br/>Produk ini Asli 100%. No tipu-tipu<br><br/>Gelang Kesehatan motif bulat kpala isi 33 butir<br><br/><br><br/>Material: <br><br/>Bahan terbuat dari kayu kokka/kaukah<br><br/>Bukan abal-abal<br><br/>Tenggelam ketika dimasukkan ke air<br><br/>atau tidak mengapung<br><br/>Gelang Kesehatan<br><br/>Cocok untuk bentuk warna di semua tangan <br><br/>Murah tapi tidak murahan<br><br/><br><br/>Manfaat Gelang Kaokkah/kokka<br><br/><br><br/>Mencegah gelombang elektromagnetik.<br><br/>Meningkatkan kekebalan tubuh.<br><br/>Memperbarui jaringan sel yang mati.<br><br/>Menyembuhkan sakit kepala, sakit urat atau otot.<br><br/>Meningkatkan sistem imun tubuh<br><br/>Mencegah sel kanker aktif.<br><br/>Meningkatkan kandungan oksigen dalam darah.<br><br/><br><br/><br><br/>=Kokka asli<br><br/>#kokka #kaukah #gelangkokelabgkoka #kaukahasli #tasbihkaukah #kaokah #tasbihkokka #gelangkaukah #cincinkaukah #gelang #kayukaukah #cincin #cincinkokka #tasbih #n #kaoka #kayukokka #aksesoris aksesoriskalimantan#handmade #kauka #jamtangan #kokkaasli #kaukahbanjar #kalung #gelangkaokah #khaskalimantan #kalungkalimantanassesoris #kaukahmartapura #"
522466531,ansorry77,Original kaukah,Pedagang,none,4fyd2o1,Gelang kesehatan kaukah asli motif Daun hitam ORIGINAL KAUKAH,Perhiasan & Aksesoris,Baru,0,0,1000,0,0,0,129000,129000,0,"Original kaukah/fukaha<br><br/>dijamin asli 100%<br><br/><br><br/>Produk ini Asli 100%. No tipu-tipu<br><br/>Gelang Kesehatan motif Daun hitam<br><br/><br><br/>Material: <br><br/>Bahan terbuat dari kayu kokka/kaukah<br><br/>Bukan abal-abal<br><br/>Tenggelam ketika dimasukkan ke air<br><br/>atau tidak mengapung<br><br/>Gelang Kesehatan<br><br/>Cocok untuk bentuk warna di semua tangan <br><br/>Murah tapi tidak murahan<br><br/><br><br/>Manfaat Gelang Kaokkah/kokka<br><br/><br><br/>Mencegah gelombang elektromagnetik.<br><br/>Meningkatkan kekebalan tubuh.<br><br/>Memperbarui jaringan sel yang mati.<br><br/>Menyembuhkan sakit kepala, sakit urat atau otot.<br><br/>Meningkatkan sistem imun tubuh<br><br/>Mencegah sel kanker aktif.<br><br/>Meningkatkan kandungan oksigen dalam darah.<br><br/><br><br/><br><br/>=Kokka asli<br><br/>#kokka #kaukah #gelangkokelabgkoka #kaukahasli #tasbihkaukah #kaokah #tasbihkokka #gelangkaukah #cincinkaukah #gelang #kayukaukah #cincin #cincinkokka #tasbih #n #kaoka #kayukokka #aksesoris aksesoriskalimantan#handmade #kauka #jamtangan #kokkaasli #kaukahbanjar #kalung #gelangkaokah #khaskalimantan #kalungkalimantanassesoris #kaukahmartapura #"
522466531,ansorry77,Original kaukah,Pedagang,none,4fyd10v,Gelang kesehatan kaukah asli motif mardjan bayi ORIGINAL KAUKAH,Aksesoris,Baru,0,0,100,0,0,0,65000,65000,0,"Original kaukah/fukaha<br><br/>dijamin asli 100%<br><br/><br><br/>Produk ini Asli 100%. No tipu-tipu<br><br/>Gelang Kesehatan motif mardjan bayi<br><br/><br><br/>Material: <br><br/>Bahan terbuat dari kayu kokka/kaukah<br><br/>Bukan abal-abal<br><br/>Tenggelam ketika dimasukkan ke air<br><br/>atau tidak mengapung<br><br/>Gelang Kesehatan<br><br/>Cocok untuk bentuk warna di semua tangan <br><br/>Murah tapi tidak murahan<br><br/><br><br/>Manfaat Gelang Kaokkah/kokka<br><br/><br><br/>Mencegah gelombang elektromagnetik.<br><br/>Meningkatkan kekebalan tubuh.<br><br/>Memperbarui jaringan sel yang mati.<br><br/>Menyembuhkan sakit kepala, sakit urat atau otot.<br><br/>Meningkatkan sistem imun tubuh<br><br/>Mencegah sel kanker aktif.<br><br/>Meningkatkan kandungan oksigen dalam darah.<br><br/><br><br/><br><br/>=Kokka asli<br><br/>#kokka #kaukah #gelangkokelabgkoka #kaukahasli #tasbihkaukah #kaokah #tasbihkokka #gelangkaukah #cincinkaukah #gelang #kayukaukah #cincin #cincinkokka #tasbih #n #kaoka #kayukokka #aksesoris aksesoriskalimantan#handmade #kauka #jamtangan #kokkaasli #kaukahbanjar #kalung #gelangkaokah #khaskalimantan #kalungkalimantanassesoris #kaukahmartapura #"
522466531,ansorry77,Original kaukah,Pedagang,none,4fyd0b7,Gelang kesehatan kaukah asli motif merica bayi ORIGINAL KAUKAH,Perhiasan & Aksesoris,Baru,0,0,100,0,0,0,57000,57000,0,"Original kaukah/fukaha<br><br/>dijamin asli 100%<br><br/><br><br/>Produk ini Asli 100%. No tipu-tipu<br><br/>Gelang Kesehatan motif merica bayi<br><br/><br><br/>Material: <br><br/>Bahan terbuat dari kayu kokka/kaukah<br><br/>Bukan abal-abal<br><br/>Tenggelam ketika dimasukkan ke air<br><br/>atau tidak mengapung<br><br/>Gelang Kesehatan<br><br/>Cocok untuk bentuk warna di semua tangan <br><br/>Murah tapi tidak murahan<br><br/><br><br/>Manfaat Gelang Kaokkah/kokka<br><br/><br><br/>Mencegah gelombang elektromagnetik.<br><br/>Meningkatkan kekebalan tubuh.<br><br/>Memperbarui jaringan sel yang mati.<br><br/>Menyembuhkan sakit kepala, sakit urat atau otot.<br><br/>Meningkatkan sistem imun tubuh<br><br/>Mencegah sel kanker aktif.<br><br/>Meningkatkan kandungan oksigen dalam darah.<br><br/><br><br/><br><br/>=Kokka asli<br><br/>#kokka #kaukah #gelangkokelabgkoka #kaukahasli #tasbihkaukah #kaokah #tasbihkokka #gelangkaukah #cincinkaukah #gelang #kayukaukah #cincin #cincinkokka #tasbih #n #kaoka #kayukokka #aksesoris aksesoriskalimantan#handmade #kauka #jamtangan #kokkaasli #kaukahbanjar #kalung #gelangkaokah #khaskalimantan #kalungkalimantanassesoris #kaukahmartapura #"
522466531,ansorry77,Original kaukah,Pedagang,none,4fycyev,Gelang kesehatan kaukah hitam asli motif dadu UK anak SD ORIGINAL KAUKAH,Perhiasan & Aksesoris,Baru,0,0,100,0,0,0,70000,70000,0,"Original kaukah/fukaha<br><br/>dijamin asli 100%<br><br/><br><br/>Produk ini Asli 100%. No tipu-tipu<br><br/>Gelang Kesehatan motif dadu hitam isi 27 butir ukuran anak SD<br><br/><br><br/>Material: <br><br/>Bahan terbuat dari kayu kokka/kaukah<br><br/>Bukan abal-abal<br><br/>Tenggelam ketika dimasukkan ke air<br><br/>atau tidak mengapung<br><br/>Gelang Kesehatan<br><br/>Cocok untuk bentuk warna di semua tangan <br><br/>Murah tapi tidak murahan<br><br/><br><br/>Manfaat Gelang Kaokkah/kokka<br><br/><br><br/>Mencegah gelombang elektromagnetik.<br><br/>Meningkatkan kekebalan tubuh.<br><br/>Memperbarui jaringan sel yang mati.<br><br/>Menyembuhkan sakit kepala, sakit urat atau otot.<br><br/>Meningkatkan sistem imun tubuh<br><br/>Mencegah sel kanker aktif.<br><br/>Meningkatkan kandungan oksigen dalam darah.<br><br/><br><br/><br><br/>=Kokka asli<br><br/>#kokka #kaukah #gelangkokelabgkoka #kaukahasli #tasbihkaukah #kaokah #tasbihkokka #gelangkaukah #cincinkaukah #gelang #kayukaukah #cincin #cincinkokka #tasbih #n #kaoka #kayukokka #aksesoris aksesoriskalimantan#handmade #kauka #jamtangan #kokkaasli #kaukahbanjar #kalung #gelangkaokah #khaskalimantan #kalungkalimantanassesoris #kaukahmartapura #"
522466531,ansorry77,Original kaukah,Pedagang,none,4fycxcv,Gelang kesehatan kaukah asli motif dadu UK anak SD ORIGINAL KAUKAH,Perhiasan & Aksesoris,Baru,0,0,100,0,0,0,70000,70000,0,"Original kaukah/fukaha<br><br/>dijamin asli 100%<br><br/><br><br/>Produk ini Asli 100%. No tipu-tipu<br><br/>Gelang Kesehatan motif dadu isi 27 butir ukuran anak SD<br><br/><br><br/>Material: <br><br/>Bahan terbuat dari kayu kokka/kaukah<br><br/>Bukan abal-abal<br><br/>Tenggelam ketika dimasukkan ke air<br><br/>atau tidak mengapung<br><br/>Gelang Kesehatan<br><br/>Cocok untuk bentuk warna di semua tangan <br><br/>Murah tapi tidak murahan<br><br/><br><br/>Manfaat Gelang Kaokkah/kokka<br><br/><br><br/>Mencegah gelombang elektromagnetik.<br><br/>Meningkatkan kekebalan tubuh.<br><br/>Memperbarui jaringan sel yang mati.<br><br/>Menyembuhkan sakit kepala, sakit urat atau otot.<br><br/>Meningkatkan sistem imun tubuh<br><br/>Mencegah sel kanker aktif.<br><br/>Meningkatkan kandungan oksigen dalam darah.<br><br/><br><br/><br><br/>=Kokka asli<br><br/>#kokka #kaukah #gelangkokelabgkoka #kaukahasli #tasbihkaukah #kaokah #tasbihkokka #gelangkaukah #cincinkaukah #gelang #kayukaukah #cincin #cincinkokka #tasbih #n #kaoka #kayukokka #aksesoris aksesoriskalimantan#handmade #kauka #jamtangan #kokkaasli #kaukahbanjar #kalung #gelangkaokah #khaskalimantan #kalungkalimantanassesoris #kaukahmartapura #"
522466531,ansorry77,Original kaukah,Pedagang,none,4fycwlj,Gelang kesehatan kaukah asli motif mardjan UK anak SD ORIGINAL KAUKAH,Accessories,Baru,0,0,100,0,0,0,70000,70000,0,"Original kaukah/fukaha<br><br/>dijamin asli 100%<br><br/><br><br/>Produk ini Asli 100%. No tipu-tipu<br><br/>Gelang Kesehatan motif Mardjan hitam isi 27 butir ukuran anak SD<br><br/><br><br/>Material: <br><br/>Bahan terbuat dari kayu kokka/kaukah<br><br/>Bukan abal-abal<br><br/>Tenggelam ketika dimasukkan ke air<br><br/>atau tidak mengapung<br><br/>Gelang Kesehatan<br><br/>Cocok untuk bentuk warna di semua tangan <br><br/>Murah tapi tidak murahan<br><br/><br><br/>Manfaat Gelang Kaokkah/kokka<br><br/><br><br/>Mencegah gelombang elektromagnetik.<br><br/>Meningkatkan kekebalan tubuh.<br><br/>Memperbarui jaringan sel yang mati.<br><br/>Menyembuhkan sakit kepala, sakit urat atau otot.<br><br/>Meningkatkan sistem imun tubuh<br><br/>Mencegah sel kanker aktif.<br><br/>Meningkatkan kandungan oksigen dalam darah.<br><br/><br><br/><br><br/>=Kokka asli<br><br/>#kokka #kaukah #gelangkokelabgkoka #kaukahasli #tasbihkaukah #kaokah #tasbihkokka #gelangkaukah #cincinkaukah #gelang #kayukaukah #cincin #cincinkokka #tasbih #n #kaoka #kayukokka #aksesoris aksesoriskalimantan#handmade #kauka #jamtangan #kokkaasli #kaukahbanjar #kalung #gelangkaokah #khaskalimantan #kalungkalimantanassesoris #kaukahmartapura #"
522466531,ansorry77,Original kaukah,Pedagang,none,4fycvcy,Gelang couple kaukah asli ORIGINAL KAUKAH,Perhiasan & Aksesoris,Baru,0,0,100,0,0,0,175000,175000,0,"Original kaukah/fukaha<br><br/>dijamin asli 100%<br><br/><br><br/>Produk ini Asli 100%. No tipu-tipu<br><br/>Gelang Kesehatan motif couple bulat sepasang<br><br/><br><br/>Material: <br><br/>Bahan terbuat dari kayu kokka/kaukah<br><br/>Bukan abal-abal<br><br/>Tenggelam ketika dimasukkan ke air<br><br/>atau tidak mengapung<br><br/>Gelang Kesehatan<br><br/>Cocok untuk bentuk warna di semua tangan <br><br/>Murah tapi tidak murahan<br><br/><br><br/>Manfaat Gelang Kaokkah/kokka<br><br/><br><br/>Mencegah gelombang elektromagnetik.<br><br/>Meningkatkan kekebalan tubuh.<br><br/>Memperbarui jaringan sel yang mati.<br><br/>Menyembuhkan sakit kepala, sakit urat atau otot.<br><br/>Meningkatkan sistem imun tubuh<br><br/>Mencegah sel kanker aktif.<br><br/>Meningkatkan kandungan oksigen dalam darah.<br><br/><br><br/><br><br/>=Kokka asli<br><br/>#kokka #kaukah #gelangkokelabgkoka #kaukahasli #tasbihkaukah #kaokah #tasbihkokka #gelangkaukah #cincinkaukah #gelang #kayukaukah #cincin #cincinkokka #tasbih #n #kaoka #kayukokka #aksesoris aksesoriskalimantan#handmade #kauka #jamtangan #kokkaasli #kaukahbanjar #kalung #gelangkaokah #khaskalimantan #kalungkalimantanassesoris #kaukahmartapura #"
522466531,ansorry77,Original kaukah,Pedagang,none,4fmp18s,Gelang kaukah asli motif tulang hitam ORIGINAL KAUKAH,Perhiasan & Aksesoris,Baru,0,0,50,0,0,0,93000,93000,0,"Original kaokah/kaukah<br><br/>terbuat dari kayu kaukah asli<br><br/>yg trbukti mmpunyai khasiat yg tinggi untuk kesehatan<br><br/><br><br/>Adapun khasiatnya, sebagai berikut:<br><br/><br><br/>Mencegah gelombang elektromagnetik.<br><br/><br><br/>Meningkatkan kekebalan tubuh.<br><br/><br><br/>Memperbarui jaringan sel yang mati.<br><br/><br><br/>Menyembuhkan sakit kepala, sakit urat atau otot. Kamu hanya perlu menggosokkannya pada bagian yang sakit.<br><br/><br><br/>Meningkatkan sistem imun tubuh.<br><br/><br><br/>Mencegah sel kanker aktif.<br><br/><br><br/>Meningkatkan kandungan oksigen dalam darah.<br><br/><br><br/>Mengurangi peradangan"
522466531,ansorry77,Original kaukah,Pedagang,none,4fmloo7,Tasbih kayu kaukah asli motif bulat uk 8ml,Busana Muslim Pria,Baru,0,0,10,0,0,0,530000,530000,0,"Original kaokah/kaukah<br><br/>terbuat dari kayu kaukah asli<br><br/>yg trbukti mmpunyai khasiat yg tinggi untuk kesehatan<br><br/><br><br/>Adapun khasiatnya, sebagai berikut:<br><br/><br><br/>Mencegah gelombang elektromagnetik.<br><br/><br><br/>Meningkatkan kekebalan tubuh.<br><br/><br><br/>Memperbarui jaringan sel yang mati.<br><br/><br><br/>Menyembuhkan sakit kepala, sakit urat atau otot. Kamu hanya perlu menggosokkannya pada bagian yang sakit.<br><br/><br><br/>Meningkatkan sistem imun tubuh.<br><br/><br><br/>Mencegah sel kanker aktif.<br><br/><br><br/>Meningkatkan kandungan oksigen dalam darah.<br><br/><br><br/>Mengurangi peradangan"
522466531,ansorry77,Original kaukah,Pedagang,none,4flpntp,Gelang kaukah asli motif donat ORIGINAL KAUKAH,Perhiasan & Aksesoris,Baru,0,0,1000,0,0,0,97000,97000,0,"Original kaokah/kaukah<br><br/>terbuat dari kayu kaukah asli<br><br/>yg trbukti mmpunyai khasiat yg tinggi untuk kesehatan<br><br/><br><br/>Adapun khasiatnya, sebagai berikut:<br><br/><br><br/>Mencegah gelombang elektromagnetik.<br><br/><br><br/>Meningkatkan kekebalan tubuh.<br><br/><br><br/>Memperbarui jaringan sel yang mati.<br><br/><br><br/>Menyembuhkan sakit kepala, sakit urat atau otot. Kamu hanya perlu menggosokkannya pada bagian yang sakit.<br><br/><br><br/>Meningkatkan sistem imun tubuh.<br><br/><br><br/>Mencegah sel kanker aktif.<br><br/><br><br/>Meningkatkan kandungan oksigen dalam darah.<br><br/><br><br/>Mengurangi peradangan"
522466531,ansorry77,Original kaukah,Pedagang,none,4flpmz1,Gelang kaukah Asli motif Marjan besar ORIGINAL KAUKAH,Perhiasan & Aksesoris,Baru,0,0,1000,0,0,0,135000,135000,0,"Original kaokah/kaukah<br><br/>terbuat dari kayu kaukah asli<br><br/>yg trbukti mmpunyai khasiat yg tinggi untuk kesehatan<br><br/><br><br/>Adapun khasiatnya, sebagai berikut:<br><br/><br><br/>Mencegah gelombang elektromagnetik.<br><br/><br><br/>Meningkatkan kekebalan tubuh.<br><br/><br><br/>Memperbarui jaringan sel yang mati.<br><br/><br><br/>Menyembuhkan sakit kepala, sakit urat atau otot. Kamu hanya perlu menggosokkannya pada bagian yang sakit.<br><br/><br><br/>Meningkatkan sistem imun tubuh.<br><br/><br><br/>Mencegah sel kanker aktif.<br><br/><br><br/>Meningkatkan kandungan oksigen dalam darah.<br><br/><br><br/>Mengurangi peradangan"
522466531,ansorry77,Original kaukah,Pedagang,none,4flpljm,Gelang kaukah Asli motif Oval ORIGINAL KAUKAH,Perhiasan & Aksesoris,Baru,0,0,100,0,0,0,125000,125000,0,"Original kaokah/kaukah<br><br/>terbuat dari kayu kaukah asli<br><br/>yg trbukti mmpunyai khasiat yg tinggi untuk kesehatan<br><br/><br><br/>Adapun khasiatnya, sebagai berikut:<br><br/><br><br/>Mencegah gelombang elektromagnetik.<br><br/><br><br/>Meningkatkan kekebalan tubuh.<br><br/><br><br/>Memperbarui jaringan sel yang mati.<br><br/><br><br/>Menyembuhkan sakit kepala, sakit urat atau otot. Kamu hanya perlu menggosokkannya pada bagian yang sakit.<br><br/><br><br/>Meningkatkan sistem imun tubuh.<br><br/><br><br/>Mencegah sel kanker aktif.<br><br/><br><br/>Meningkatkan kandungan oksigen dalam darah.<br><br/><br><br/>Mengurangi peradangan"
522466531,ansorry77,Original kaukah,Pedagang,none,4f2nwid,Gelang kaukah asli motif dadu sedang ORIGINAL KAUKAH,Perhiasan & Aksesoris,Baru,0,0,70,0,0,0,115000,115000,0,"Original kaukah/fukaha<br><br/>dijamin asli 100%<br><br/>Produk ini Asli 100%. No tipu-tipu<br><br/>Gelang Kesehatan motif dadu<br><br/><br><br/>Material: <br><br/>Bahan terbuat dari kayu kokka/kaukah<br><br/>Bukan abal-abal<br><br/>Tenggelam ketika dimasukkan ke air<br><br/>atau tidak mengapung<br><br/>Gelang Kesehatan<br><br/>Cocok untuk bentuk warna di semua tangan <br><br/>Murah tapi tidak murahan<br><br/><br><br/>Manfaat Gelang Kaokkah/kokka<br><br/><br><br/>Mencegah gelombang elektromagnetik.<br><br/>Meningkatkan kekebalan tubuh.<br><br/>Memperbarui jaringan sel yang mati.<br><br/>Menyembuhkan sakit kepala, sakit urat atau otot.<br><br/>Meningkatkan sistem imun tubuh<br><br/>Mencegah sel kanker aktif.<br><br/>Meningkatkan kandungan oksigen dalam darah.<br><br/><br><br/><br><br/>=Kokka asli<br><br/>#kokka #kaukah #gelangkokelabgkoka #kaukahasli #tasbihkaukah #kaokah #tasbihkokka #gelangkaukah #cincinkaukah #gelang #kayukaukah #cincin #cincinkokka #tasbih #n #kaoka #kayukokka #aksesoris #handmade #kauka #jamtangan #kokkaasli #kaukahbanjar #kalung #gelangkaokah #khaskalimantan #kalungkalimantanassesoris #kaukahmartapura #aksesoriskalimantan"
522466531,ansorry77,Original kaukah,Pedagang,none,4f2nuzm,Gelang kaukah asli motif kotak kristal ORIGINAL KAUKAH,Perhiasan & Aksesoris,Baru,0,0,1000,1,0,0,135000,135000,0,"Original kaukah/fukaha<br><br/>dijamin asli 100%<br><br/>Produk ini Asli 100%. No tipu-tipu<br><br/>Gelang Kesehatan motif kristal<br><br/><br><br/>Material: <br><br/> Bahan terbuat dari kayu kokka/kaukah<br><br/> Bukan abal-abal<br><br/> Tenggelam ketika dimasukkan ke air<br><br/> atau tidak mengapung<br><br/> Gelang Kesehatan<br><br/> Cocok untuk bentuk warna di semua tangan <br><br/> Murah tapi tidak murahan<br><br/><br><br/>Manfaat Gelang Kaokkah/kokka<br><br/><br><br/> Mencegah gelombang elektromagnetik.<br><br/> Meningkatkan kekebalan tubuh.<br><br/> Memperbarui jaringan sel yang mati.<br><br/> Menyembuhkan sakit kepala, sakit urat atau otot.<br><br/> Meningkatkan sistem imun tubuh<br><br/> Mencegah sel kanker aktif.<br><br/> Meningkatkan kandungan oksigen dalam darah.<br><br/><br><br/><br><br/>=Kokka asli<br><br/>#kokka #kaukah #gelangkokelabgkoka #kaukahasli #tasbihkaukah #kaokah #tasbihkokka #gelangkaukah #cincinkaukah #gelang #kayukaukah #cincin #cincinkokka #tasbih #n #kaoka #kayukokka #aksesoris #handmade #kauka #jamtangan #kokkaasli #kaukahbanjar #kalung #gelangkaokah #khaskalimantan #kalungkalimantanassesoris #kaukahmartapura #aksesoriskalimantan"
522466531,ansorry77,Original kaukah,Pedagang,none,4f2nttp,Gelang kesehatan kaukah original berkualitas motif belimbing ORIGINAL KAUKAH,Perhiasan & Aksesoris,Baru,0,0,100,0,0,0,87000,87000,0,"Original kaukah/fukaha<br><br/>dijamin asli 100%<br><br/><br><br/>Produk ini Asli 100%. No tipu-tipu<br><br/>Gelang Kesehatan motif blimbing<br><br/><br><br/>Material: <br><br/> Bahan terbuat dari kayu kokka/kaukah<br><br/> Bukan abal-abal<br><br/> Tenggelam ketika dimasukkan ke air<br><br/> atau tidak mengapung<br><br/> Gelang Kesehatan<br><br/> Cocok untuk  bentuk warna di semua tangan <br><br/> Murah tapi tidak murahan<br><br/><br><br/>Manfaat Gelang Kaokkah/kokka<br><br/><br><br/> Mencegah gelombang elektromagnetik.<br><br/> Meningkatkan kekebalan tubuh.<br><br/> Memperbarui jaringan sel yang mati.<br><br/> Menyembuhkan sakit kepala, sakit urat atau otot.<br><br/> Meningkatkan sistem imun tubuh<br><br/> Mencegah sel kanker aktif.<br><br/> Meningkatkan kandungan oksigen dalam darah.<br><br/><br><br/><br><br/>=Kokka asli<br><br/>#kokka #kaukah #gelangkokelabgkoka #kaukahasli #tasbihkaukah #kaokah #tasbihkokka #gelangkaukah #cincinkaukah #gelang #kayukaukah #cincin #cincinkokka #tasbih #n #kaoka #kayukokka #aksesoris #handmade #kauka #jamtangan #kokkaasli #kaukahbanjar #kalung #gelangkaokah #khaskalimantan #kalungkalimantanassesoris #kaukahmartapura #aksesoriskalimantan"
522466531,ansorry77,Original kaukah,Pedagang,none,4f2nse1,Gelang tasbih kesehatan kaukah original berkualitas motif bulat kpala hitam isi 33 ORIGINAL KAUKAH,Perhiasan & Aksesoris,Baru,5,3,97,0,3,0,75000,75000,0,"Original kaukah/fukaha<br><br/>dijamin asli 100%<br><br/><br><br/>Produk ini Asli 100%. No tipu-tipu<br><br/>Gelang Kesehatan motif bulat kpala hitam isi 33<br><br/><br><br/>Material: <br><br/>Bahan terbuat dari kayu kokka/kaukah<br><br/>Bukan abal-abal<br><br/>Tenggelam ketika dimasukkan ke air<br><br/>atau tidak mengapung<br><br/>Gelang Kesehatan<br><br/>Cocok untuk bentuk warna di semua tangan <br><br/>Murah tapi tidak murahan<br><br/><br><br/>Manfaat Gelang Kaokkah/kokka<br><br/><br><br/>Mencegah gelombang elektromagnetik.<br><br/>Meningkatkan kekebalan tubuh.<br><br/>Memperbarui jaringan sel yang mati.<br><br/>Menyembuhkan sakit kepala, sakit urat atau otot.<br><br/>Meningkatkan sistem imun tubuh<br><br/>Mencegah sel kanker aktif.<br><br/>Meningkatkan kandungan oksigen dalam darah.<br><br/><br><br/>=Kokka asli<br><br/>#kokka #kaukah #gelangkokelabgkoka #kaukahasli #tasbihkaukah #kaokah #tasbihkokka #gelangkaukah #cincinkaukah #gelang #kayukaukah #cincin #cincinkokka #tasbih #n #kaoka #kayukokka #aksesoris #handmade #kauka #jamtangan #kokkaasli #kaukahbanjar #kalung #gelangkaokah #khaskalimantan #kalungkalimantanassesoris #kaukahmartapura #aksesoriskalimantan"
522466531,ansorry77,Original kaukah,Pedagang,none,4f2nr61,Gelang kesehatan kaukah motif mardjan gores ORIGINAL KAUKAH,Perhiasan & Aksesoris,Baru,0,0,100,1,0,0,107000,107000,0,"Original kaukah/fukaha<br><br/>dijamin asli 100%<br><br/><br><br/>Produk ini Asli 100%. No tipu-tipu<br><br/>Gelang Kesehatan motif marjan gores<br><br/><br><br/>Material: <br><br/> Bahan terbuat dari kayu kokka/kaukah<br><br/> Bukan abal-abal<br><br/> Tenggelam ketika dimasukkan ke air<br><br/> atau tidak mengapung<br><br/> Gelang Kesehatan<br><br/> Cocok untuk  bentuk warna di semua tangan <br><br/> Murah tapi tidak murahan<br><br/><br><br/>Manfaat Gelang Kaokkah/kokka<br><br/><br><br/> Mencegah gelombang elektromagnetik.<br><br/> Meningkatkan kekebalan tubuh.<br><br/> Memperbarui jaringan sel yang mati.<br><br/> Menyembuhkan sakit kepala, sakit urat atau otot.<br><br/> Meningkatkan sistem imun tubuh<br><br/> Mencegah sel kanker aktif.<br><br/> Meningkatkan kandungan oksigen dalam darah.<br><br/><br><br/><br><br/>=Kokka asli<br><br/>#kokka #kaukah #gelangkokelabgkoka #kaukahasli #tasbihkaukah #kaokah #tasbihkokka #gelangkaukah #cincinkaukah #gelang #kayukaukah #cincin #cincinkokka #tasbih #n #kaoka #kayukokka #aksesoris #handmade #kauka #jamtangan #kokkaasli #kaukahbanjar #kalung #gelangkaokah #khaskalimantan #kalungkalimantanassesoris #kaukahmartapura #aksesoriskalimantan"
522466531,ansorry77,Original kaukah,Pedagang,none,4f2mrqd,Gelang kesehatan kaukah kokka original motif couple marjan kombinasi,Perhiasan & Aksesoris,Baru,0,0,10,0,0,0,175000,175000,0,"Original kaukah/fukaha<br><br/>dijamin asli 100%<br><br/><br><br/>Produk ini Asli 100%. No tipu-tipu<br><br/>Gelang Kesehatan motif marjan couple kombinasi<br><br/><br><br/>Material: <br><br/> Bahan terbuat dari kayu kokka/kaukah<br><br/> Bukan abal-abal<br><br/> Tenggelam ketika dimasukkan ke air<br><br/> atau tidak mengapung<br><br/> Gelang Kesehatan<br><br/> Cocok untuk  bentuk warna di semua tangan <br><br/> Murah tapi tidak murahan<br><br/><br><br/>Manfaat Gelang Kaokkah/kokka<br><br/><br><br/> Mencegah gelombang elektromagnetik.<br><br/> Meningkatkan kekebalan tubuh.<br><br/> Memperbarui jaringan sel yang mati.<br><br/> Menyembuhkan sakit kepala, sakit urat atau otot.<br><br/> Meningkatkan sistem imun tubuh<br><br/> Mencegah sel kanker aktif.<br><br/> Meningkatkan kandungan oksigen dalam darah.<br><br/><br><br/><br><br/>=Kokka asli<br><br/>#kokka #kaukah #gelangkokelabgkoka #kaukahasli #tasbihkaukah #kaokah #tasbihkokka #gelangkaukah #cincinkaukah #gelang #kayukaukah #cincin #cincinkokka #tasbih #n #kaoka #kayukokka #aksesoris #handmade #kauka #jamtangan #kokkaasli #kaukahbanjar #kalung #gelangkaokah #khaskalimantan #kalungkalimantanassesoris #kaukahmartapura #aksesoriskalimantan"
522466531,ansorry77,Original kaukah,Pedagang,none,4f2mhr7,Gelang tasbih kesehatan kaukah asli motif marjan kombinasi isi 33 ORIGINAL KAUKAH,Perhiasan & Aksesoris,Baru,0,0,5000,0,0,0,75000,75000,0,"Original kaukah/fukaha<br><br/>dijamin asli 100%<br><br/><br><br/>Produk ini Asli 100%. No tipu-tipu<br><br/>Gelang Kesehatan motif marjan kombinasi isi 33<br><br/><br><br/>Material: <br><br/> Bahan terbuat dari kayu kokka/kaukah<br><br/> Bukan abal-abal<br><br/> Tenggelam ketika dimasukkan ke air<br><br/> atau tidak mengapung<br><br/> Gelang Kesehatan<br><br/> Cocok untuk  bentuk warna di semua tangan <br><br/> Murah tapi tidak murahan<br><br/><br><br/>Manfaat Gelang Kaokkah/kokka<br><br/><br><br/> Mencegah gelombang elektromagnetik.<br><br/> Meningkatkan kekebalan tubuh.<br><br/> Memperbarui jaringan sel yang mati.<br><br/> Menyembuhkan sakit kepala, sakit urat atau otot.<br><br/> Meningkatkan sistem imun tubuh<br><br/> Mencegah sel kanker aktif.<br><br/> Meningkatkan kandungan oksigen dalam darah.<br><br/><br><br/><br><br/>=Kokka asli<br><br/>#kokka #kaukah #gelangkokelabgkoka #kaukahasli #tasbihkaukah #kaokah #tasbihkokka #gelangkaukah #cincinkaukah #gelang #kayukaukah #cincin #cincinkokka #tasbih #n #kaoka #kayukokka #aksesoris #handmade #kauka #jamtangan #kokkaasli #kaukahbanjar #kalung #gelangkaokah #khaskalimantan #kalungkalimantanassesoris #kaukahmartapura #aksesoriskalimantan"
522466531,ansorry77,Original kaukah,Pedagang,none,4f2m5nv,Gelang couple kauka asli motif dadu hitam ORIGINAL KAUKAH,Perhiasan & Aksesoris,Baru,0,0,10,1,0,0,175000,175000,0,"Original kaukah/fukaha<br><br/>dijamin asli 100%<br><br/><br><br/>Produk ini Asli 100%. No tipu-tipu<br><br/>Gelang Kesehatan motif couple dadu lurus wrna hitam<br><br/><br><br/>Material: <br><br/> Bahan terbuat dari kayu kokka/kaukah<br><br/> Bukan abal-abal<br><br/> Tenggelam ketika dimasukkan ke air<br><br/> atau tidak mengapung<br><br/> Gelang Kesehatan<br><br/> Cocok untuk  bentuk warna di semua tangan <br><br/> Murah tapi tidak murahan<br><br/><br><br/>Manfaat Gelang Kaokkah/kokka<br><br/><br><br/> Mencegah gelombang elektromagnetik.<br><br/> Meningkatkan kekebalan tubuh.<br><br/> Memperbarui jaringan sel yang mati.<br><br/> Menyembuhkan sakit kepala, sakit urat atau otot.<br><br/> Meningkatkan sistem imun tubuh<br><br/> Mencegah sel kanker aktif.<br><br/> Meningkatkan kandungan oksigen dalam darah.<br><br/><br><br/>=Kokka asli<br><br/>#kokka #kaukah #gelangkokelabgkoka #kaukahasli #tasbihkaukah #kaokah #tasbihkokka #gelangkaukah #cincinkaukah #gelang #kayukaukah #cincin #cincinkokka #tasbih #n #kaoka #kayukokka #aksesoris #handmade #kauka #jamtangan #kokkaasli #kaukahbanjar #kalung #gelangkaokah #khaskalimantan #kalungkalimantanassesoris #kaukahmartapura #aksesoriskalimantan"
522466531,ansorry77,Original kaukah,Pedagang,none,4f2m3jg,Gelang kesehatan couple kokka kaukah asli motif couple dadu ORIGINAL KAUKAH,Baju Muslim Couple,Baru,0,0,50,0,0,0,175000,175000,0,"Original kaukah/fukaha<br><br/>dijamin asli 100%<br><br/><br><br/>Produk ini Asli 100%. No tipu-tipu<br><br/>Gelang Kesehatan motif couple dadu lurus coklat<br><br/><br><br/>Material: <br><br/> Bahan terbuat dari kayu kokka/kaukah<br><br/> Bukan abal-abal<br><br/> Tenggelam ketika dimasukkan ke air<br><br/> atau tidak mengapung<br><br/> Gelang Kesehatan<br><br/> Cocok untuk  bentuk warna di semua tangan <br><br/> Murah tapi tidak murahan<br><br/><br><br/>Manfaat Gelang Kaokkah/kokka<br><br/><br><br/> Mencegah gelombang elektromagnetik.<br><br/> Meningkatkan kekebalan tubuh.<br><br/> Memperbarui jaringan sel yang mati.<br><br/> Menyembuhkan sakit kepala, sakit urat atau otot.<br><br/> Meningkatkan sistem imun tubuh<br><br/> Mencegah sel kanker aktif.<br><br/> Meningkatkan kandungan oksigen dalam darah.<br><br/><br><br/>=Kokka asli<br><br/>#kokka #kaukah #gelangkokelabgkoka #kaukahasli #tasbihkaukah #kaokah #tasbihkokka #gelangkaukah #cincinkaukah #gelang #kayukaukah #cincin #cincinkokka #tasbih #n #kaoka #kayukokka #aksesoris #handmade #kauka #jamtangan #kokkaasli #kaukahbanjar #kalung #gelangkaokah #khaskalimantan #kalungkalimantanassesoris #kaukahmartapura #aksesoriskalimantan"
522466531,ansorry77,Original kaukah,Pedagang,none,4f2lzoy,Gelang kesehatan kaukah original berkualitas motif naji lurus,Perhiasan & Aksesoris,Baru,0,0,5000,1,0,0,137000,137000,0,"Original kaukah/fukaha<br><br/>dijamin asli 100%<br><br/><br><br/>Produk ini Asli 100%. No tipu-tipu<br><br/>Gelang Kesehatan motif naji lurus<br><br/><br><br/>Material: <br><br/> Bahan terbuat dari kayu kokka/kaukah<br><br/> Bukan abal-abal<br><br/> Tenggelam ketika dimasukkan ke air<br><br/> atau tidak mengapung<br><br/> Gelang Kesehatan<br><br/> Cocok untuk bentuk warna di semua tangan <br><br/> Murah tapi tidak murahan<br><br/><br><br/>Manfaat Gelang Kaokkah/kokka<br><br/><br><br/> Mencegah gelombang elektromagnetik.<br><br/> Meningkatkan kekebalan tubuh.<br><br/> Memperbarui jaringan sel yang mati.<br><br/> Menyembuhkan sakit kepala, sakit urat atau otot.<br><br/> Meningkatkan sistem imun tubuh<br><br/> Mencegah sel kanker aktif.<br><br/> Meningkatkan kandungan oksigen dalam darah.<br><br/><br><br/>=Kokka asli<br><br/>#kokka #kaukah #gelangkokelabgkoka #kaukahasli #tasbihkaukah #kaokah #tasbihkokka #gelangkaukah #cincinkaukah #gelang #kayukaukah #cincin #cincinkokka #tasbih #n #kaoka #kayukokka #aksesoris #handmade #kauka #jamtangan #kokkaasli #kaukahbanjar #kalung #gelangkaokah #khaskalimantan #kalungkalimantanassesoris #kaukahmartapura #aksesoriskalimantan"
522466531,ansorry77,Original kaukah,Pedagang,none,4f1pfby,Gelang couple kaukah asli motif mardjan ORIGINAL KAUKAH,Perhiasan & Aksesoris,Baru,0,0,5000,1,0,0,175000,175000,0,"Original kukah/fukaha<br><br/>dijamin asli 100<br><br/><br><br/>Produk ini Asli 100%. No tipu-tipu<br><br/>Gelang Kesehatan motif marjan couple coklat<br><br/><br><br/>Material: <br><br/> Bahan terbuat dari kayu kokka/kaukah<br><br/> Bukan abal-abal<br><br/> Tenggelam ketika dimasukkan ke air<br><br/> atau tidak mengapung<br><br/> Gelang Kesehatan<br><br/> Cocok untuk bentuk warna di semua tangan <br><br/> Murah tapi tidak murahan<br><br/><br><br/>Manfaat Gelang Kaokkah/kokka<br><br/><br><br/> Mencegah gelombang elektromagnetik.<br><br/> Meningkatkan kekebalan tubuh.<br><br/> Memperbarui jaringan sel yang mati.<br><br/> Menyembuhkan sakit kepala, sakit urat atau otot.<br><br/> Meningkatkan sistem imun tubuh<br><br/> Mencegah sel kanker aktif.<br><br/> Meningkatkan kandungan oksigen dalam darah<br><br/><br><br/>=Kokka asli<br><br/>#kokka #kaukah #gelangkokelabgkoka #kaukahasli #tasbihkaukah #kaokah #tasbihkokka #gelangkaukah #cincinkaukah #gelang #kayukaukah #cincin #cincinkokka #tasbih #n #kaoka #kayukokka #aksesoris #handmade #kauka #jamtangan #kokkaasli #kaukahbanjar #kalung #gelangkaokah #khaskalimantan #kalungkalimantanassesoris #kaukahmartapura #aksesoriskalimantan"
522466531,ansorry77,Original kaukah,Pedagang,none,4cb0xx1,Gelang kaukah asli motif daun ORIGINAL KAUKAH,Perhiasan & Aksesoris,Baru,4.5,2,98,1,2,0,127000,127000,0,"Dibuat dri kayu kaukah yg berkualitas <br><br/>dijamin asli kaukah 100%<br><br/><br><br/>Produk ini Asli 100%. No tipu-tipu<br><br/>Gelang Kesehatan motif daun<br><br/><br><br/>Material: <br><br/> Bahan terbuat dari kayu kokka/kaukah<br><br/> Bukan abal-abal<br><br/> Tenggelam ketika dimasukkan ke air<br><br/> atau tidak mengapung<br><br/> Gelang Kesehatan<br><br/> Cocok untuk  bentuk warna di semua tangan <br><br/> Murah tapi tidak murahan<br><br/><br><br/>Manfaat Gelang Kaokkah/kokka<br><br/><br><br/> Mencegah gelombang elektromagnetik.<br><br/> Meningkatkan kekebalan tubuh.<br><br/> Memperbarui jaringan sel yang mati.<br><br/> Menyembuhkan sakit kepala, sakit urat atau otot.<br><br/> Meningkatkan sistem imun tubuh<br><br/> Mencegah sel kanker aktif.<br><br/> Meningkatkan kandungan oksigen dalam darah.<br><br/><br><br/>=Kokka asli<br><br/>#kokka #kaukah #gelangkokelabgkoka #kaukahasli #tasbihkaukah #kaokah #tasbihkokka #gelangkaukah #cincinkaukah #gelang #kayukaukah #cincin #cincinkokka #tasbih #n #kaoka #kayukokka #aksesoris #handmade #kauka #jamtangan #kokkaasli #kaukahbanjar #kalung #gelangkaokah #khaskalimantan #kalungkalimantanassesoris #kaukahmartapura #aksesoriskalimantan"
522466531,ansorry77,Original kaukah,Pedagang,none,4bn7hs7,Gelang kaukah asli motif merica dewasa ORIGINAL KAUKAH,Perhiasan & Aksesoris,Baru,0,0,50,0,0,0,70000,70000,0,"Original kaoka/fukaha<br><br/>dijamin asli 100%<br><br/><br><br/>Produk ini Asli 100%. No tipu-tipu<br><br/>Gelang Kesehatan motif merica dewasa isi 33 butir<br><br/><br><br/>Material: <br><br/>Bahan terbuat dari kayu kokka/kaukah<br><br/>Bukan abal-abal<br><br/>Tenggelam ketika dimasukkan ke air<br><br/>atau tidak mengapung<br><br/>Gelang Kesehatan<br><br/>Cocok untuk bentuk warna di semua tangan <br><br/>Murah tapi tidak murahan<br><br/><br><br/>Manfaat Gelang Kaokkah/kokka<br><br/><br><br/>Mencegah gelombang elektromagnetik.<br><br/>Meningkatkan kekebalan tubuh.<br><br/>Memperbarui jaringan sel yang mati.<br><br/>Menyembuhkan sakit kepala, sakit urat atau otot.<br><br/>Meningkatkan sistem imun tubuh<br><br/>Mencegah sel kanker aktif.<br><br/>Meningkatkan kandungan oksigen dalam darah.<br><br/><br><br/>=Kokka asli<br><br/>#kokka #kaukah #gelangkokelabgkoka #kaukahasli #tasbihkaukah #kaokah #tasbihkokka #gelangkaukah #cincinkaukah #gelang #kayukaukah #cincin #cincinkokka #tasbih #n #kaoka #kayukokka #aksesoris #handmade #kauka #jamtangan #kokkaasli #kaukahbanjar #kalung #gelangkaokah #khaskalimantan #kalungkalimantanassesoris #kaukahmartapura #aksesoriskalimantan"
522466531,ansorry77,Original kaukah,Pedagang,none,4b5ixis,Gelang tasbih kaukah asli motif marjan isi 33 butir ORIGINAL KAUKAH,Perhiasan & Aksesoris,Baru,5,1,499,1,1,0,75000,75000,0,"original kaukah/fukaha <br><br/>dijamin asli 100%<br><br/><br><br/>Produk ini Asli 100%. No tipu-tipu<br><br/>Gelang Kesehatan motif mardjan dewasa coklat isi 33 butir<br><br/><br><br/>Material: <br><br/>Bahan terbuat dari kayu kokka/kaukah<br><br/>Bukan abal-abal<br><br/>Tenggelam ketika dimasukkan ke air<br><br/>atau tidak mengapung<br><br/>Gelang Kesehatan<br><br/>Cocok untuk bentuk warna di semua tangan <br><br/>Murah tapi tidak murahan<br><br/><br><br/>Manfaat Gelang Kaokkah/kokka<br><br/><br><br/>Mencegah gelombang elektromagnetik.<br><br/>Meningkatkan kekebalan tubuh.<br><br/>Memperbarui jaringan sel yang mati.<br><br/>Menyembuhkan sakit kepala, sakit urat atau otot.<br><br/>Meningkatkan sistem imun tubuh<br><br/>Mencegah sel kanker aktif.<br><br/>Meningkatkan kandungan oksigen dalam darah.<br><br/><br><br/>=Kokka asli<br><br/>#kokka #kaukah #gelangkokelabgkoka #kaukahasli #tasbihkaukah #kaokah #tasbihkokka #gelangkaukah #cincinkaukah #gelang #kayukaukah #cincin #cincinkokka #tasbih #n #kaoka #kayukokka #aksesoris #handmade #kauka #jamtangan #kokkaasli #kaukahbanjar #kalung #gelangkaokah #khaskalimantan #kalungkalimantanassesoris #kaukahmartapura #aksesoriskalimantan"
